{
  
  "RequestTypeDropDown": [
            {"id": "viewingLink", "value": "Viewing Link", "formType": "viewingLink"},
            {"id": "forYourConsideration", "value": "For Your Consideration", "formType": "forYourConsideration"},
            {"id": "talentAppearance", "value": "Talent Appearances/Reel", "formType": "talentAppearance"},
            {"id": "screener", "value": "Screener", "formType": "screener"},
            {"id": "forEdit", "value": "For Edit", "formType": "forEdit"},
            {"id": "screeningRoom", "value": "Screening Room", "formType": "screeningRoom"},
            {"id": "other", "value": "Other", "formType": "other"}
          ],
  "RequestType": {
    "viewingLink": [
        {
            "label": "Delivery Method",
            "key": "DeliveryMethod",
            "class": "col-md-6",
            "formField": "form-field-press",
            "value": "Mediasilo",
            "defaultValue": "Mediasilo",
            "options": [
                {"key": "Mediasilo", "label": "Mediasilo", "type": "dropdown", "disabled": false},
                {"key": "VMSViewingLink", "label": "VMS Viewing Link", "type": "dropdown", "disabled": false}
              ],
            "disabled": false,
            "required": true,
            "hidden": false,
            "type": "dropdown",
            "order": 1
        },
        {
          "label": "Delivery Options",
          "key": "deliveryOptions",
          "tooltip" : "Please provide detailed instructions for Delivery options in the instructions field below.",
          "class": "col-md-12",
          "formField": "form-field-press",
          "value": "",
          "defaultValue": "",
          "options": [
              {"key": "downloadable", "formField": "form-field-press", "class": "col-md-3", "label": "Downloadable", "value": "", "checked": false,  "type": "checkbox", "disabled": "false", "hidden": false, "defaultHidden": false, "order": 3},
              {"key": "passwordProtected", "formField": "form-field-press", "class": "col-md-4", "label": "Password-protected", "value": "", "type": "checkbox", "checked": false, "disabled": "false", "hidden": false, "defaultHidden": false, "order": 4},
              {"key": "expirationDate", "formField": "form-field-press", "class": "col-md-3", "label": "Expiration date", "value": "", "checked": false, "type": "checkbox",  "disabled": "false", "hidden": false, "defaultHidden": false, "order": 5}
            ],
          "required": false,
          "hidden": false,
          "defaultHidden": false,
          "type": "label",
          "order": 2
        },
        {
            "label": "File Format",
            "key": "fileFormat",
            "tooltip" : "Please provide format details in the instructions field below.",
            "class": "col-md-12",
            "formField": "form-field-press",
            "value": "lowResProxy169",
            "defaultValue": "lowResProxy169",
            "options": [
                {"key": "lowResProxy169", "label": "Low-Res Proxy","formField": "form-field-press",  "value": "", "checked": true, "disabled": null}
              ],
            "required": true,
            "type": "radio",
            "order": 7
        }
    ],
    "forYourConsideration": [
      {
          "label": "Delivery Method",
          "key": "DeliveryMethod",
          "class": "col-md-6",
          "formField": "form-field-press",
          "value": "Other",
          "defaultValue": "Other",
          "options": [
              {"key": "Mediasilo", "label": "Mediasilo", "defaultValue": "true", "disabled": "false"},
              {"key": "MediaShuttle", "label": "Media Shuttle", "disabled": "false"},
              {"key": "SAN", "label": "SAN", "disabled": "false"},
              {"key": "FTP", "label": "FTP", "disabled": "false"},
              {"key": "Other", "label": "Other", "disabled": "false"}
            ],
          "required": true,
          "hidden": false,
          "type": "dropdown",
          "order": 1
      },
      {
        "label": "Delivery Location",
        "key": "deliveryLocation",
        "class": "col-md-6",
        "formField": "form-field-press",
        "placeholder": "File path, URL, etc.",
        "value": "",
        "defaultValue": "",
        "required": true,
        "hidden": false,
        "defaultHidden": false,
        "type": "textbox",
        "order": 2
      },
      {
        "label": "",
        "key": "deliveryLocationHidden",
        "class": "col-md-12",
        "formField": "form-field-press",
        "value": "",
        "defaultValue": "",
        "required": false,
        "hidden": true,
        "defaultHidden": true,
        "type": "textbox",
        "order": 3
      },
      {
        "label": "Delivery Options",
        "key": "deliveryOptions",
        "tooltip" : "Please provide detailed instructions for Delivery options in the instructions field below.",
        "class": "col-md-12",
        "formField": "form-field-press",
        "value": "",
        "defaultValue": "",
        "options": [
            {"key": "downloadable", "class": "col-md-3", "label": "Downloadable", "value": "", "checked": false,  "type": "checkbox", "disabled": "false", "hidden": true, "defaultHidden": true, "order": 5},
            {"key": "passwordProtected", "class": "col-md-4", "label": "Password-protected", "value": "", "type": "checkbox", "checked": false, "disabled": "false", "hidden": true, "defaultHidden": true, "order": 6},
            {"key": "expirationDate", "class": "col-md-3", "label": "Expiration date", "value": "", "checked": false, "type": "checkbox",  "disabled": "false","hidden": true, "defaultHidden": true, "order": 7}
          ],
        "required": false,
        "hidden": true,
        "defaultHidden": true,
        "type": "label",
        "order": 4
      },
      {
          "label": "Watermark",
          "key": "WatermarkDropdown",
          "class": "col-md-6",
          "formField": "form-field-watermark",
          "value": "None",
          "defaultValue": "None",
          "options": [
              {"key": "None", "label": "None"},
              {"key": "PropertyViacom", "label": "Property of Viacom"},
              {"key": "PropertyBET", "label": "Property of BET"},
              {"key": "PropertyVH1", "label": "Property of VH1"},
              {"key": "PropertyTVLand", "label": "Property of TV Land"},
              {"key": "PropertyLogo", "label": "Property of Logo"},
              {"key": "PropertyCMT", "label": "Property of CMT"},
              {"key": "PropertyParamount", "label": "Property of Paramount"},
              {"key": "PropertyNickelodeon", "label": "Property of Nickelodeon"},
              {"key": "PropertyComedyCentral", "label": "Property of Comedy Central"}
            ],
          "required": true,
          "type": "dropdown",
          "order": 8
      },
      {
        "label": "File Format",
        "key": "fileFormat",
        "tooltip" : "Please provide format details in the instructions field below.",
        "class": "col-md-12",
        "formField": "form-field-press",
        "value": "Other",
        "defaultValue": "Other",
        "options": [
            {"key": "radio169", "aspectRatio": "16 : 9", "label": "16:9 (1920 x 1080)", "value": "", "checked": false,  "type": "radio", "disabled": null},
            {"key": "Other", "label": "Other", "value": "", "checked": true,  "type": "radio", "disabled": null}
          ],
        "required": true,
        "type": "radio",
        "order": 9
      },
      {
        "label": "Video Options",
        "key": "VideoOptions",
        "tooltip" : "Please provide details for selected video options in the instructions field below.",
        "class": "col-md-12",
        "formField": "form-field-press",
        "value": "",
        "defaultValue": "",
        "options": [
          {"key": "BarsTone", "class": "col-md-6", "label": "Bars and Tone", "value": "", "checked": false,  "type": "checkbox", "order": 11},
          {"key": "PreRollSlate", "class": "col-md-6", "label": "Pre-roll Slate/End Slate", "value": "", "checked": false,  "type": "checkbox", "order": 12},
          {"key": "BrandBug", "class": "col-md-6", "label": "Brand Bug", "value": "", "checked": false,  "type": "checkbox", "order": 13},
          {"key": "BurntTimeCode", "class": "col-md-6", "label": "Burnt-In Time Code", "value": "", "checked": false, "type": "checkbox", "order": 14}
        ],
        "required": false,
        "type": "label",
        "order": 10
    }
      ],
      "talentAppearance": [
        {
            "label": "Delivery Method",
            "key": "DeliveryMethod",
            "class": "col-md-6",
            "formField": "form-field-press",
            "value": "Mediasilo",
            "defaultValue": "Mediasilo",
            "options": [
                {"key": "Mediasilo", "label": "Mediasilo", "value": "", "type": "dropdown", "defaultValue": "true", "disabled": "false"},
                {"key": "MediaShuttle", "label": "Media Shuttle", "value": "", "type": "dropdown", "disabled": "false"},
                {"key": "SAN", "label": "SAN", "value": "", "type": "dropdown", "disabled": "false"},
                {"key": "FTP", "label": "FTP", "value": "", "type": "dropdown", "disabled": "false"},
                {"key": "Other", "label": "Other", "value": "", "type": "dropdown", "disabled": "false"}
              ],
            "required": true,
            "hidden": false,
            "type": "dropdown",
            "order": 1
        },
        {
          "label": "Delivery Location",
          "key": "deliveryLocation",
          "class": "col-md-6",
          "formField": "form-field-press",
          "placeholder": "File path, URL, etc.",
          "value": "",
          "defaultValue": "",
          "required": true,
          "hidden": true,
          "defaultHidden": true,
          "type": "textbox",
          "order": 2
        },
        {
          "label": "Delivery Options",
          "key": "deliveryOptions",
          "tooltip" : "Please provide detailed instructions for Delivery options in the instructions field below.",
          "class": "col-md-12",
          "formField": "form-field-press",
          "value": "",
          "defaultValue": "",
          "options": [
            {"key": "downloadable", "class": "col-md-3", "label": "Downloadable", "value": "", "checked": false,  "type": "checkbox", "disabled": "false", "hidden": true, "defaultHidden": false, "order": 4},
            {"key": "passwordProtected", "class": "col-md-4", "label": "Password-protected", "value": "", "type": "checkbox", "checked": false, "disabled": "false", "hidden": true, "defaultHidden": false, "order": 5},
            {"key": "expirationDate", "class": "col-md-3", "label": "Expiration date", "value": "", "checked": false, "type": "checkbox",  "disabled": "false","hidden": true, "defaultHidden": false, "order": 6}
          ],
          "required": false,
          "hidden": false,
          "defaultHidden": false,
          "type": "label",
          "order": 3
        },
        {
            "label": "File Format",
            "key": "fileFormat",
            "class": "col-md-12",
            "formField": "form-field-press",
            "value": "radio169",
            "defaultValue": "radio169",
            "options": [
                {"key": "radio169", "aspectRatio": "16 : 9", "label": "16:9 (1920 x 1080)", "value": "", "checked": true,  "type": "radio", "disabled": null},
                {"key": "Other", "label": "Other", "value": "", "checked": false,  "type": "radio", "disabled": null}
              ],
            "required": true,
            "type": "radio",
            "order": 7
        }
    ],
    "screener": [
      {
          "label": "Delivery Method",
          "key": "DeliveryMethod",
          "class": "col-md-6",
          "formField": "form-field-press",
          "value": "Mediasilo",
          "defaultValue": "Mediasilo",
          "options": [
              {"key": "Mediasilo", "label": "Mediasilo", "value": "", "type": "dropdown", "defaultValue": "true", "disabled": "false"},
              {"key": "MediaShuttle", "label": "Media Shuttle", "value": "", "type": "dropdown", "disabled": "false"},
              {"key": "SAN", "label": "SAN", "value": "", "type": "dropdown", "disabled": "false"},
              {"key": "FTP", "label": "FTP", "value": "", "type": "dropdown", "disabled": "false"},
              {"key": "Other", "label": "Other", "value": "", "type": "dropdown", "disabled": "false"}
            ],
          "required": true,
          "hidden": false,
          "type": "dropdown",
          "order": 1
      },
      {
        "label": "Delivery Location",
        "key": "deliveryLocation",
        "placeholder": "File path, URL, etc.",
        "class": "col-md-6",
        "formField": "form-field-press",
        "value": "",
        "defaultValue": "",
        "required": true,
        "hidden": true,
        "defaultHidden": true,
        "type": "textbox",
        "order": 2
      },
      {
        "label": "",
        "key": "deliveryLocationHidden",
        "class": "col-md-12",
        "formField": "form-field-press",
        "value": "",
        "defaultValue": "",
        "required": false,
        "hidden": true,
        "defaultHidden": true,
        "type": "textbox",
        "order": 3
      },
      {
        "label": "Delivery Options",
        "key": "deliveryOptions",
        "tooltip" : "Please provide detailed instructions for Delivery options in the instructions field below.",
        "class": "col-md-12",
        "formField": "form-field-press",
        "value": "",
        "defaultValue": "",
        "options": [
          {"key": "downloadable", "class": "col-md-3", "label": "Downloadable", "value": "", "checked": false,  "type": "checkbox", "disabled": "false", "hidden": true, "defaultHidden": false, "order": 5},
          {"key": "passwordProtected", "class": "col-md-4", "label": "Password-protected", "value": "", "type": "checkbox", "checked": false, "disabled": "false", "hidden": true, "defaultHidden": false, "order": 6},
          {"key": "expirationDate", "class": "col-md-3", "label": "Expiration date", "value": "", "checked": false, "type": "checkbox",  "disabled": "false","hidden": true, "defaultHidden": false, "order": 7}
        ],
        "required": false,
        "hidden": true,
        "defaultHidden": false,
        "type": "label",
        "order": 4
      },
      {
          "label": "Watermark",
          "key": "WatermarkDropdown",
          "class": "col-md-6",
          "formField": "form-field-watermark",
          "value": "Property of Viacom",
          "defaultValue": "Property of Viacom",
          "options": [
              {"key": "None", "label": "None", "value": "",  "type": "dropdown", "defaultValue": "true"},
              {"key": "PropertyViacom", "label": "Property of Viacom", "value": "",  "type": "dropdown"},
              {"key": "PropertyBET", "label": "Property of BET", "value": "",  "type": "dropdown"},
              {"key": "PropertyVH1", "label": "Property of VH1", "value": "",  "type": "dropdown"},
              {"key": "PropertyTVLand", "label": "Property of TV Land", "value": "",  "type": "dropdown"},
              {"key": "PropertyLogo", "label": "Property of Logo", "value": "",  "type": "dropdown"},
              {"key": "PropertyCMT", "label": "Property of CMT", "value": "",  "type": "dropdown"},
              {"key": "PropertyParamount", "label": "Property of Paramount", "value": "",  "type": "dropdown"},
              {"key": "PropertyNickelodeon", "label": "Property of Nickelodeon", "value": "",  "type": "dropdown"},
              {"key": "PropertyComedyCentral", "label": "Property of Comedy Central", "value": "",  "type": "dropdown"}
            ],
          "required": true,
          "type": "dropdown",
          "order": 8
      },
      {
          "label": "File Format",
          "key": "fileFormat",
          "tooltip" : "Please provide format details in the instructions field below.",
          "class": "col-md-12",
          "formField": "form-field-press",
          "value": "radio169",
          "defaultValue": "radio169",
          "options": [
              {"key": "radio169", "aspectRatio": "16 : 9", "label": "16:9 (1920 x 1080)", "value": "", "checked": true,  "type": "radio", "disabled": null},
              {"key": "Other", "label": "Other", "value": "", "checked": false,  "type": "radio", "disabled": null}
            ],
          "required": true,
          "type": "radio",
          "order": 9
      },
      {
          "label": "Video Options",
          "key": "VideoOptions",
          "tooltip" : "Please provide details for selected video options in the instructions field below.",
          "class": "col-md-12",
          "formField": "form-field-press",
          "value": "",
          "defaultValue": "",
          "options": [
              {"key": "BarsTone", "class": "col-md-6", "label": "Bars and Tone", "value": "", "checked": false,  "type": "checkbox", "order": 11},
              {"key": "PreRollSlate", "class": "col-md-6", "label": "Pre-roll Slate/End Slate", "value": "", "checked": false,  "type": "checkbox", "order": 12},
              {"key": "BrandBug", "class": "col-md-6", "label": "Brand Bug", "value": "", "checked": false,  "type": "checkbox", "order": 13},
              {"key": "BurntTimeCode", "class": "col-md-6", "label": "Burnt-In Time Code", "value": "", "checked": false, "type": "checkbox", "order": 14}
            ],
          "required": false,
          "type": "label",
          "order": 10
      }
    ],
    "forEdit": [
      {
          "label": "Delivery Method",
          "key": "DeliveryMethod",
          "class": "col-md-6",
          "formField": "form-field-press",
          "value": "SAN",
          "defaultValue": "SAN",
          "options": [
              {"key": "Mediasilo", "label": "Mediasilo", "value": "", "type": "dropdown", "disabled": "false"},
              {"key": "MediaShuttle", "label": "Media Shuttle", "value": "", "type": "dropdown", "disabled": "false"},
              {"key": "SAN", "label": "SAN", "value": "", "type": "dropdown", "disabled": "false", "defaultValue": "true"},
              {"key": "FTP", "label": "FTP", "value": "", "type": "dropdown", "disabled": "false"},
              {"key": "Other", "label": "Other", "value": "", "type": "dropdown", "disabled": "false"}
            ],
          "required": true,
          "hidden": false,
          "type": "dropdown",
          "order": 1
      },
      {
        "label": "Delivery Location",
        "key": "deliveryLocation",
        "placeholder": "File path, URL, etc.",
        "class": "col-md-6",
        "formField": "form-field-press",
        "value": "",
        "defaultValue": "",
        "required": true,
        "hidden": true,
        "defaultHidden": true,
        "type": "textbox",
        "order": 2
      },
      {
        "label": "Delivery Options",
        "key": "deliveryOptions",
        "tooltip" : "Please provide detailed instructions for Delivery options in the instructions field below.",
        "class": "col-md-12",
        "formField": "form-field-press",
        "value": "",
        "defaultValue": "",
        "options": [
          {"key": "downloadable", "class": "col-md-3", "label": "Downloadable", "value": "", "checked": false,  "type": "checkbox", "disabled": "false", "hidden": true, "defaultHidden": true, "order": 4},
          {"key": "passwordProtected", "class": "col-md-4", "label": "Password-protected", "value": "", "type": "checkbox", "checked": false, "disabled": "false", "hidden": true, "defaultHidden": true, "order": 5},
          {"key": "expirationDate", "class": "col-md-3", "label": "Expiration date", "value": "", "checked": false, "type": "checkbox",  "disabled": "false","hidden": true, "defaultHidden": true, "order": 6}
        ],
        "required": false,
        "hidden": true,
        "defaultHidden": true,
        "type": "label",
        "order": 3
      },
      {
          "label": "File Format",
          "key": "fileFormat",
          "tooltip" : "Please provide format details in the instructions field below.",
          "class": "col-md-12",
          "formField": "form-field-press",
          "value": "Other",
          "defaultValue": "Other",
          "options": [
              {"key": "radio169", "aspectRatio": "16 : 9", "label": "16:9 (1920 x 1080)", "value": "", "checked": false,  "type": "radio", "disabled": null},
              {"key": "Other", "label": "Other", "value": "", "checked": true,  "type": "radio", "disabled": null}
            ],
          "required": true,
          "type": "radio",
          "order": 7
      }
    ],
    "screeningRoom": [
      {
          "label": "Delivery Method",
          "key": "DeliveryMethod",
          "class": "col-md-6",
          "formField": "form-field-press",
          "value": "Other",
          "defaultValue": "Other",
          "options": [
              {"key": "Other", "label": "Other", "type": "dropdown", "disabled": "true", "defaultValue": "true"}
            ],
          "required": true,
          "hidden": false,
          "disabled": true,
          "type": "dropdown",
          "order": 1
      },
      {
        "label": "Delivery Location",
        "key": "deliveryLocation",
        "placeholder": "File path, URL, etc.",
        "class": "col-md-6",
        "formField": "form-field-press",
        "value": "",
        "defaultValue": "",
        "required": true,
        "hidden": false,
        "defaultHidden": false,
        "type": "textbox",
        "order": 2
      },
      {
          "label": "File Format",
          "key": "fileFormat",
          "tooltip" : "Please provide format details in the instructions field below.",
          "class": "col-md-12",
          "formField": "form-field-press",
          "value": "radio169",
          "defaultValue": "radio169",
          "options": [
              {"key": "radio169", "aspectRatio": "16 : 9", "label": "16:9 (1920 x 1080)", "value": "", "checked": true,  "type": "radio", "disabled": null},
              {"key": "Other", "label": "Other", "value": "", "checked": false,  "type": "radio", "disabled": null}
            ],
          "required": true,
          "type": "radio",
          "order": 3
      },
      {
          "label": "Video Options",
          "key": "VideoOptions",
          "tooltip" : "Please provide details for selected video options in the instructions field below.",
          "class": "col-md-12",
          "formField": "form-field-press",
          "value": "",
          "defaultValue": "",
          "options": [
              {"key": "PreRollSlate", "class": "col-md-6", "label": "Pre-roll Slate/End Slate", "value": "", "type": "checkbox", "checked": true, "disabled": "false", "order": 7},
              {"key": "BrandBug", "class": "col-md-6", "label": "Brand Bug", "value": "", "type": "checkbox", "checked": true, "disabled": "false", "order": 8}
            ],
          "required": false,
          "type": "label",
          "order": 4
      }
    ],
    "other": [
      {
          "label": "Delivery Method",
          "key": "DeliveryMethod",
          "class": "col-md-6",
          "formField": "form-field-press",
          "value": "Mediasilo",
          "defaultValue": "Mediasilo",
          "options": [
              {"key": "Mediasilo", "label": "Mediasilo", "value": "", "type": "dropdown", "defaultValue": "true", "disabled": "false"},
              {"key": "MediaShuttle", "label": "Media Shuttle", "value": "", "type": "dropdown", "disabled": "false"},
              {"key": "VMSViewingLink", "label": "VMS Viewing Link", "type": "dropdown", "disabled": "true"},
              {"key": "SAN", "label": "SAN", "value": "", "type": "dropdown", "disabled": "false"},
              {"key": "FTP", "label": "FTP", "value": "", "type": "dropdown", "disabled": "false"},
              {"key": "Other", "label": "Other", "value": "", "type": "dropdown", "disabled": "false"}
            ],
          "required": true,
          "hidden": false,
          "type": "dropdown",
          "order": 1
      },
      {
        "label": "Delivery Location",
        "key": "deliveryLocation",
        "placeholder": "File path, URL, etc.",
        "class": "col-md-6",
        "formField": "form-field-press",
        "value": "",
        "defaultValue": "",
        "required": true,
        "hidden": true,
        "defaultHidden": true,
        "type": "textbox",
        "order": 2
      },
      {
        "label": "Delivery Options",
        "key": "deliveryOptions",
        "tooltip" : "Please provide detailed instructions for Delivery options in the instructions field below.",
        "class": "col-md-12",
        "formField": "form-field-press",
        "value": "",
        "defaultValue": "",
        "options": [
          {"key": "downloadable", "class": "col-md-3", "label": "Downloadable", "value": "", "checked": false,  "type": "checkbox", "disabled": "false", "hidden": false, "defaultHidden": false, "order": 5},
          {"key": "passwordProtected", "class": "col-md-4", "label": "Password-protected", "value": "", "type": "checkbox", "checked": false, "disabled": "false", "hidden": false, "defaultHidden": false, "order": 6},
          {"key": "expirationDate", "class": "col-md-3", "label": "Expiration date", "value": "", "checked": false, "type": "checkbox",  "disabled": "false","hidden": false, "defaultHidden": false, "order": 7}
        ],
        "required": false,
        "hidden": false,
        "defaultHidden": false,
        "type": "label",
        "order": 4
      },
      {
          "label": "Watermark",
          "key": "WatermarkDropdown",
          "class": "col-md-6",
          "formField": "form-field-watermark",
          "value": "Property of Viacom",
          "defaultValue": "Property of Viacom",
          "options": [
              {"key": "None", "label": "None", "value": "",  "type": "dropdown", "defaultValue": "true"},
              {"key": "PropertyViacom", "label": "Property of Viacom", "value": "",  "type": "dropdown"},
              {"key": "PropertyBET", "label": "Property of BET", "value": "",  "type": "dropdown"},
              {"key": "PropertyVH1", "label": "Property of VH1", "value": "",  "type": "dropdown"},
              {"key": "PropertyTVLand", "label": "Property of TV Land", "value": "",  "type": "dropdown"},
              {"key": "PropertyLogo", "label": "Property of Logo", "value": "",  "type": "dropdown"},
              {"key": "PropertyCMT", "label": "Property of CMT", "value": "",  "type": "dropdown"},
              {"key": "PropertyParamount", "label": "Property of Paramount", "value": "",  "type": "dropdown"},
              {"key": "PropertyNickelodeon", "label": "Property of Nickelodeon", "value": "",  "type": "dropdown"},
              {"key": "PropertyComedyCentral", "label": "Property of Comedy Central", "value": "",  "type": "dropdown"}
            ],
          "required": true,
          "type": "dropdown",
          "order": 8
      },
      {
          "label": "File Format",
          "key": "fileFormat",
          "tooltip" : "Please provide format details in the instructions field below.",
          "class": "col-md-12",
          "formField": "form-field-press",
          "value": "radio169",
          "defaultValue": "radio169",
          "options": [
              {"key": "radio169", "aspectRatio": "16 : 9", "label": "16:9 (1920 x 1080)", "value": "", "checked": true, "disabled": null},
              {"key": "lowResProxy169", "label": "Low-Res Proxy", "value": "", "checked": false, "disabled": null},
              {"key": "Other", "label": "Other", "value": "", "checked": false, "disabled": null}
            ],
          "required": true,
          "type": "radio",
          "order": 9
      },
      {
          "label": "Video Options",
          "key": "VideoOptions",
          "tooltip" : "Please provide details for selected video options in the instructions field below.",
          "class": "col-md-12",
          "formField": "form-field-press",
          "value": "",
          "defaultValue": "",
          "options": [
              {"key": "BarsTone", "class": "col-md-6", "label": "Bars and Tone", "value": "", "checked": false,  "type": "checkbox", "disabled": "false", "order": 11},
              {"key": "PreRollSlate", "class": "col-md-6", "label": "Pre-roll Slate/End Slate", "value": "", "type": "checkbox", "checked": false, "disabled": "false", "order": 12},
              {"key": "BrandBug", "class": "col-md-6", "label": "Brand Bug", "value": "", "checked": false, "type": "checkbox",  "disabled": "false", "order": 13},
              {"key": "BurntTimeCode", "class": "col-md-6", "label": "Burnt-In Time Code", "value": "",  "type": "checkbox", "checked": false, "disabled": "false", "order": 14}
            ],
          "required": false,
          "type": "label",
          "order": 10
      }
    ]
  }
}
  