 {
    "RequestType": {
        "WEBPLEX": [
            {
                "label": "",
                "key": "divider",
                "class": "col-md-12",
                "value": "",
                "required": false,
                "hidden": false,
                "type": "divider",
                "order": 1
            },
            {
                "label": "Select all that apply.",
                "key": "Selectall",
                "class": "col-md-12",
                "value": "",
                "options": [
                    {"key": "HomepageWB", "class": "col-md-6", "label": "Homepage Superhero Video Loop", "value": false, "checked": false, "order": 3, "type": "checkbox", "defaultValue": "true"},
                    {"key": "SeriesSuperheroWB", "class": "col-md-6", "label": "Series Superhero Video Loop (1920 x 1080)", "value": false, "checked": false, "order": 3, "type": "checkbox"},
                    {"key": "HomepageSuperheroWB", "class": "col-md-6", "label": "Homepage Superhero (Static) (1920 x 1080)", "value": false, "checked": false, "order": 3, "type": "checkbox"},
                    {"key": "SuperheroWB", "class": "col-md-6", "label": "Superhero (1920 x 1080)", "value": false, "checked": false, "order": 3, "type": "checkbox"},
                    {"key": "PosterWB", "class": "col-md-6", "label": "Poster (1280 x 1920)", "value": false, "checked": false, "order": 3, "type": "checkbox"},
                    {"key": "seriesLogoWB", "class": "col-md-6", "label": "Series logo (468 x 138)", "value": false, "checked": false, "order": 3, "type": "checkbox"},
                    {"key": "Custom", "class": "col-md-6", "label": "Custom", "value": false, "checked": false, "order": 3, "type": "checkbox"}
                  ],
                "required": false,
                "type": "label",
                "order": 3
            },
            {
                "label": "Custom Dimensions",
                "key": "dimensions",
                "class": "col-md-12",
                "value": "",
                "required": true,
                "hidden": true,
                "type": "textbox",
                "order": 4
            },
            {
                "label": "Copy or Special Instructions (Optional)",
                "key": "CTA",
                "class": "col-md-12",
                "value": "",
                "required": false,
                "type": "textbox",
                "order": 4
            }
        ],
        "WEBPLEXEXTENDED": [
            {
                "label": "",
                "key": "divider",
                "class": "col-md-12",
                "value": "",
                "required": false,
                "hidden": false,
                "type": "divider",
                "order": 1
            },
            {
                "label": "Select all that apply.",
                "key": "Selectall",
                "class": "col-md-12",
                "value": "",
                "options": [
                    {"key": "HomepageWBE", "class": "col-md-6", "label": "Homepage Superhero Video Loop", "value": false, "checked": false, "order": 3, "type": "checkbox", "defaultValue": "true"},
                    {"key": "SeriesSuperheroWBE", "class": "col-md-6", "label": "Series Superhero Video Loop (1920 x 1080)", "value": false, "checked": false, "order": 3, "type": "checkbox"},
                    {"key": "HomepageSuperheroWBE", "class": "col-md-6", "label": "Homepage Superhero (Static) (1920 x 1080)", "value": false, "checked": false, "order": 3, "type": "checkbox"},
                    {"key": "SuperheroWBE","class": "col-md-6",  "label": "Superhero (1920 x 1080)", "value": false, "checked": false, "order": 3, "type": "checkbox"},
                    {"key": "PosterWBE", "class": "col-md-6", "label": "Poster (1280 x 1920)", "value": false, "checked": false, "order": 3, "type": "checkbox"},
                    {"key": "PosterWBE", "class": "col-md-6", "label": "Series logo (468 x 138)", "value": false, "checked": false, "order": 3, "type": "checkbox"},
                    {"key": "Custom", "class": "col-md-6", "label": "Custom", "value": false, "checked": false, "order": 3, "type": "checkbox"}
                  ],
                "required": false,
                "type": "label",
                "order": 3
            },
            {
                "label": "Custom Dimensions",
                "key": "dimensions",
                "class": "col-md-12",
                "value": "",
                "required": true,
                "hidden": true,
                "type": "textbox",
                "order": 4
            },
            {
                "label": "Copy or Special Instructions (Optional)",
                "key": "CTA",
                "class": "col-md-12",
                "value": "",
                "required": false,
                "type": "textbox",
                "order": 4
            }
        ],
        "PLAYPLEX": [
            {
                "label": "",
                "key": "divider",
                "class": "col-md-12",
                "value": "",
                "required": false,
                "hidden": false,
                "type": "divider",
                "order": 1
            },
            {
                "label": "Select all that apply.",
                "key": "Selectall",
                "class": "col-md-12",
                "value": "",
                "options": [
                    {"key": "SuperheroPP", "class": "col-md-6", "label": "Superhero (1920 X 1080)", "value": false, "checked": false, "order": 3, "type": "checkbox"},
                    {"key": "PosterPP", "class": "col-md-6", "label": "Poster (1280 X 1920)", "value": false, "checked": false, "order": 3, "type": "checkbox"},
                    {"key": "ATVPP", "class": "col-md-6", "label": "ATV Header (1920 X 640)", "value": false, "checked": false, "order": 3, "type": "checkbox"},
                    {"key": "Custom", "class": "col-md-6", "label": "Custom", "value": false, "checked": false, "order": 3, "type": "checkbox"}
                  ],
                "required": false,
                "type": "label",
                "order": 3
            },
            {
                "label": "Custom Dimensions",
                "key": "dimensions",
                "class": "col-md-12",
                "value": "",
                "required": true,
                "hidden": true,
                "type": "textbox",
                "order": 4
            },
            {
                "label": "Copy or Special Instructions (Optional)",
                "key": "CTA",
                "class": "col-md-12",
                "value": "",
                "required": false,
                "type": "textbox",
                "order": 4
            }
        ],
        "PLAYPLEXNOATV": [
            {
                "label": "",
                "key": "divider",
                "class": "col-md-12",
                "value": "",
                "required": false,
                "hidden": false,
                "type": "divider",
                "order": 1
            },
            {
                "label": "Select all that apply.",
                "key": "Selectall",
                "class": "col-md-12",
                "value": "",
                "options": [
                    {"key": "SuperheroPPTV", "class": "col-md-6", "label": "Superhero (1920 X 1080)", "value": false, "checked": false, "order": 3, "type": "checkbox"},
                    {"key": "PosterPPTV", "class": "col-md-6", "label": "Poster (1280 X 1920)", "value": false, "checked": false, "order": 3, "type": "checkbox"},
                    {"key": "Custom", "class": "col-md-6", "label": "Custom", "value": false, "checked": false, "order": 3, "type": "checkbox"}
                  ],
                "required": false,
                "type": "label",
                "order": 3
            },
            {
                "label": "Custom Dimensions",
                "key": "dimensions",
                "class": "col-md-12",
                "value": "",
                "required": true,
                "hidden": true,
                "type": "textbox",
                "order": 4
            },
            {
                "label": "Copy or Special Instructions (Optional)",
                "key": "CTA",
                "class": "col-md-12",
                "value": "",
                "required": false,
                "type": "textbox",
                "order": 4
            }
        ],
        "BRANDWEBSITE" : [
            {
                "label": "",
                "key": "divider",
                "class": "col-md-12",
                "value": "",
                "required": false,
                "hidden": false,
                "type": "divider",
                "order": 1
            },
            {
                "label": "Select all that apply.",
                "key": "Selectall",
                "class": "col-md-12",
                "value": "",
                "options": [
                    {"key": "SeriesBannerDesktopBW", "class": "col-md-6", "label": "Series Banner Desktop (1960 X 230)", "value": false, "checked": false, "order": 3, "type": "checkbox", "defaultValue": "true"},
                    {"key": "SeriesBannerBW", "class": "col-md-6", "label": "Series Banner Mobile (740 X 1336)", "value": false, "checked": false, "order": 3, "type": "checkbox", "defaultValue": "true"},
                    {"key": "FeaturedPosterBW", "class": "col-md-6", "label": "Featured Poster (886 x 624)", "value": false, "checked": false, "order": 3, "type": "checkbox"},
                    {"key": "SeriesPosterBW", "class": "col-md-6", "label": "Series Poster (846 x 1248)", "value": false, "checked": false, "order": 3, "type": "checkbox"},
                    {"key": "TriplePromoBW", "class": "col-md-6", "label": "Triple Promo (400 x 72)", "value": false, "checked": false, "order": 3, "type": "checkbox"},
                    {"key": "CountdownClockBW", "class": "col-md-6", "label": "Countdown Clock Desktop (1440 x 80)", "value": false, "checked": false, "order": 3, "type": "checkbox"},
                    {"key": "CountdownClockMobileBW", "class": "col-md-6",  "label": "Countdown Clock Mobile (750 x 130)", "value": false, "checked": false, "order": 3, "type": "checkbox"},
                    {"key": "SeriesParallaxDesktopBW", "class": "col-md-6", "label": "Series Parallax Desktop (1600 x 700)", "value": false, "checked": false, "order": 3, "type": "checkbox"},
                    {"key": "SeriesParallaxMobileBW", "class": "col-md-6", "label": "Series Parallax Mobile (750 x 1334)", "value": false, "checked": false, "order": 3, "type": "checkbox"},
                    {"key": "SeriesParallaxLogoBW", "class": "col-md-6", "label": "Series Parallax Logo (900w)", "value": false, "checked": false, "order": 3, "type": "checkbox"},
                    {"key": "Custom", "class": "col-md-6", "label": "Custom", "value": false, "checked": false, "order": 3, "type": "checkbox"}
                  ],
                "required": false,
                "type": "label",
                "order": 3
            },
            {
                "label": "Custom Dimensions",
                "key": "dimensions",
                "class": "col-md-12",
                "value": "",
                "required": true,
                "hidden": true,
                "type": "textbox",
                "order": 4
            },
            {
                "label": "Copy or Special Instructions (Optional)",
                "key": "CTA",
                "class": "col-md-12",
                "value": "",
                "required": false,
                "type": "textbox",
                "order": 4
            }
        ],
        "BRANDWEBSITECMT": [
            {
                "label": "",
                "key": "divider",
                "class": "col-md-12",
                "value": "",
                "required": false,
                "hidden": false,
                "type": "divider",
                "order": 1
            },
            {
                "label": "Select all that apply.",
                "key": "Selectall",
                "class": "col-md-12",
                "value": "",
                "options": [
                    {"key": "HomepageHeroBWCMT", "class": "col-md-6", "label": "Homepage Hero (1920 x 600)", "value": false, "checked": false, "order": 3, "type": "checkbox", "defaultValue": "true"},
                    {"key": "HomepagePromoBWCMT", "class": "col-md-6", "label": "Homepage Promo (1920 x 1080)", "value": false, "checked": false, "order": 3, "type": "checkbox"},
                    {"key": "SeriesThumbnailBWCMT", "class": "col-md-6", "label": "Series Thumbnail (1920 x 1080)", "value": false, "checked": false, "order": 3, "type": "checkbox"},
                    {"key": "SeriesMainHeroBWCMT", "class": "col-md-6", "label": "Series Main Hero (1920 x 540)", "value": false, "checked": false, "order": 3, "type": "checkbox"},
                    {"key": "EventsHeroDesktopBWCMT", "class": "col-md-6", "label": "Events Hero Desktop (1920 x 540)", "value": false, "checked": false, "order": 3, "type": "checkbox"},
                    {"key": "EventsHeroMobileBWCMT", "class": "col-md-6", "label": "Events Hero Mobile (650 x 320)", "value": false, "checked": false, "order": 3, "type": "checkbox"},
                    {"key": "HomepageSponsoredBWCMT", "class": "col-md-6", "label": "Homepage Sponsored (1920 x 1080)", "value": false, "checked": false, "order": 3, "type": "checkbox"},
                    {"key": "Custom", "class": "col-md-6", "label": "Custom", "value": false, "checked": false, "order": 3, "type": "checkbox"}
                ],
                "required": false,
                "type": "label",
                "order": 3
            },
            {
                "label": "Custom Dimensions",
                "key": "dimensions",
                "class": "col-md-12",
                "value": "",
                "required": true,
                "hidden": true,
                "type": "textbox",
                "order": 4
            },
            {
                "label": "Copy or Special Instructions (Optional)",
                "key": "CTA",
                "class": "col-md-12",
                "value": "",
                "required": false,
                "type": "textbox",
                "order": 4
            }
        ],
        "BRANDWEBSITECC" : [
            {
                "label": "",
                "key": "divider",
                "class": "col-md-12",
                "value": "",
                "required": false,
                "hidden": false,
                "type": "divider",
                "order": 1
            },
            {
                "label": "Select all that apply.",
                "key": "Selectall",
                "class": "col-md-12",
                "value": "",
                "options": [
                    {"key": "HomepageHeroBWCC", "class": "col-md-6", "label": "Homepage Hero (1920 x 540)", "value": false, "checked": false, "order": 3, "type": "checkbox", "defaultValue": "true"},
                    {"key": "HomepagePromoBWCC", "class": "col-md-6", "label": "Homepage Promo (1920 x 1080)", "value": false, "checked": false, "order": 3, "type": "checkbox"},
                    {"key": "SeriesThumbnailBWCC", "class": "col-md-6", "label": "Series Hub (1280 x 1280)", "value": false, "checked": false, "order": 3, "type": "checkbox"},
                    {"key": "SeriesMainHeroBWCC", "class": "col-md-6", "label": "Series Main Logo (406 x 47)", "value": false, "checked": false, "order": 3, "type": "checkbox"},
                    {"key": "ImageClusterBWCC", "class": "col-md-6", "label": "Image Cluster (1920 x 1080)", "value": false, "checked": false, "order": 3, "type": "checkbox"},
                    {"key": "SeriesHubBWCC", "class": "col-md-6", "label": "Series Hub (1280 x 1280)", "value": false, "checked": false, "order": 3, "type": "checkbox"},
                    {"key": "HeroVideoBWCC", "class": "col-md-6", "label": "Series Main Hero Video (1920 x 1080)", "value": false, "checked": false, "order": 3, "type": "checkbox"},
                    {"key": "Custom", "class": "col-md-6", "label": "Custom", "value": false, "checked": false, "order": 3, "type": "checkbox"}
                  ],
                "required": false,
                "type": "label",
                "order": 3
            },
            {
                "label": "Custom Dimensions",
                "key": "dimensions",
                "class": "col-md-12",
                "value": "",
                "required": true,
                "hidden": true,
                "type": "textbox",
                "order": 4
            },
            {
                "label": "Copy or Special Instructions (Optional)",
                "key": "CTA",
                "class": "col-md-12",
                "value": "",
                "required": false,
                "type": "textbox",
                "order": 4
            }
        ],
        "BRANDWEBSITELOGO": [
            {
                "label": "",
                "key": "divider",
                "class": "col-md-12",
                "value": "",
                "required": false,
                "hidden": false,
                "type": "divider",
                "order": 1
            },
            {
                "label": "Select all that apply.",
                "key": "Selectall",
                "class": "col-md-12",
                "value": "",
                "options": [
                    {"key": "HomepageHeroBWLO", "class": "col-md-6", "label": "Homepage Hero (1920 x 540)", "value": false, "checked": false, "order": 3, "type": "checkbox", "defaultValue": "true"},
                    {"key": "HomepagePromoBWLO", "class": "col-md-6", "label": "Homepage Promo (1920 x 1080)", "value": false, "checked": false, "order": 3, "type": "checkbox"},
                    {"key": "SeriesThumbnailBWLO", "class": "col-md-6", "label": "Series Thumbnail (1920 x 1080)", "value": false, "checked": false, "order": 3, "type": "checkbox"},
                    {"key": "SeriesMainHeroBWLO", "class": "col-md-6", "label": "Series Main Hero (1920 x 540)", "value": false, "checked": false, "order": 3, "type": "checkbox"},
                    {"key": "EventsHeroDesktopBWLO", "class": "col-md-6", "label": "Events Hero Desktop (1920 x 540)", "value": false, "checked": false, "order": 3, "type": "checkbox"},
                    {"key": "EventsHeroMobileBWLO", "class": "col-md-6", "label": "Events Hero Mobile (650 x 320)", "value": false, "checked": false, "order": 3, "type": "checkbox"},
                    {"key": "HomepageSponsoredBWLO", "class": "col-md-6", "label": "Homepage Sponsored (1920 x 1080)", "value": false, "checked": false, "order": 3, "type": "checkbox"},
                    {"key": "Custom", "class": "col-md-6", "label": "Custom", "value": false, "checked": false, "order": 3, "type": "checkbox"}
                ],
                "required": false,
                "type": "label",
                "order": 3
            },
            {
                "label": "Custom Dimensions",
                "key": "dimensions",
                "class": "col-md-12",
                "value": "",
                "required": true,
                "hidden": true,
                "type": "textbox",
                "order": 4
            },
            {
                "label": "Copy or Special Instructions (Optional)",
                "key": "CTA",
                "class": "col-md-12",
                "value": "",
                "required": false,
                "type": "textbox",
                "order": 4
            }
        ],
        "BRANDWEBSITEMTV": [
            {
                "label": "",
                "key": "divider",
                "class": "col-md-12",
                "value": "",
                "required": false,
                "hidden": false,
                "type": "divider",
                "order": 1
            },
            {
                "label": "Select all that apply.",
                "key": "Selectall",
                "class": "col-md-12",
                "value": "",
                "options": [
                    {"key": "HomepageHeroBWMT", "class": "col-md-6", "label": "Homepage Hero (1920 x 540)", "value": false, "checked": false, "order": 3, "type": "checkbox", "defaultValue": "true"},
                    {"key": "HomepagePromoBWMT", "class": "col-md-6", "label": "Homepage Promo (1920 x 1080)", "value": false, "checked": false, "order": 3, "type": "checkbox"},
                    {"key": "SeriesThumbnailBWMT", "class": "col-md-6", "label": "Series Thumbnail (1920 x 1080)", "value": false, "checked": false, "order": 3, "type": "checkbox"},
                    {"key": "SeriesMainHeroBWMT", "class": "col-md-6", "label": "Series Main Hero (1920 x 540)", "value": false, "checked": false, "order": 3, "type": "checkbox"},
                    {"key": "EventsHeroDesktopBWMT", "class": "col-md-6", "label": "Events Hero Desktop (1920 x 540)", "value": false, "checked": false, "order": 3, "type": "checkbox"},
                    {"key": "EventsHeroMobileBWMT", "class": "col-md-6", "label": "Events Hero Mobile (650 x 320)", "value": false, "checked": false, "order": 3, "type": "checkbox"},
                    {"key": "HomepageSponsoredBWMT", "class": "col-md-6", "label": "Homepage Sponsored (1920 x 1080)", "value": false, "checked": false, "order": 3, "type": "checkbox"},
                    {"key": "HomepageFeaturedBWMT", "class": "col-md-6", "label": "Homepage Featured (1920 x 540)", "value": false, "checked": false, "order": 3, "type": "checkbox"},
                    {"key": "Custom", "class": "col-md-6", "label": "Custom", "value": false, "checked": false, "order": 3, "type": "checkbox"}
                ],
                "required": false,
                "type": "label",
                "order": 3
            },
            {
                "label": "Custom Dimensions",
                "key": "dimensions",
                "class": "col-md-12",
                "value": "",
                "required": true,
                "hidden": true,
                "type": "textbox",
                "order": 4
            },
            {
                "label": "Copy or Special Instructions (Optional)",
                "key": "CTA",
                "class": "col-md-12",
                "value": "",
                "required": false,
                "type": "textbox",
                "order": 4
            }
        ],
        "BRANDWEBSITEPN": [
            {
                "label": "",
                "key": "divider",
                "class": "col-md-12",
                "value": "",
                "required": false,
                "hidden": false,
                "type": "divider",
                "order": 1
            },
            {
                "label": "Select all that apply.",
                "key": "Selectall",
                "class": "col-md-12",
                "value": "",
                "options": [
                    {"key": "SuperheroBWPN", "class": "col-md-6", "label": "Superhero (1920 X 1080)", "value": false, "checked": false, "order": 3, "type": "checkbox"},
                    {"key": "PosterBWPN", "class": "col-md-6", "label": "Poster (1280 X 1920)", "value": false, "checked": false, "order": 3, "type": "checkbox"},
                    {"key": "seriesLogoBWPN", "class": "col-md-6", "label": "Series logo (468 X 138)", "value": false, "checked": false, "order": 3, "type": "checkbox"},
                    {"key": "superheroVideoBWPN", "class": "col-md-6", "label": "Superhero Video Loop (1920 X 1080)", "value": false, "checked": false, "order": 3, "type": "checkbox"},
                    {"key": "Custom", "class": "col-md-6", "label": "Custom", "value": false, "checked": false, "order": 3, "type": "checkbox"}
                  ],
                "required": false,
                "type": "label",
                "order": 3
            },
            {
                "label": "Custom Dimensions",
                "key": "dimensions",
                "class": "col-md-12",
                "value": "",
                "required": true,
                "hidden": true,
                "type": "textbox",
                "order": 4
            },
            {
                "label": "Copy or Special Instructions (Optional)",
                "key": "CTA",
                "class": "col-md-12",
                "value": "",
                "required": false,
                "type": "textbox",
                "order": 4
            }
        ],
        "WEB20" : [
            {
                "label": "",
                "key": "divider",
                "class": "col-md-12",
                "value": "",
                "required": false,
                "hidden": false,
                "type": "divider",
                "order": 1
            },
            {
                "label": "Select all that apply.",
                "key": "Selectall",
                "class": "col-md-12",
                "value": "",
                "options": [
                    {"key": "HomepageHeroWN2", "class": "col-md-6", "label": "Homepage Hero (1920 x 540)", "value": false, "checked": false, "order": 3, "type": "checkbox", "defaultValue": "true"},
                    {"key": "HomepagePromoWN2", "class": "col-md-6", "label": "Homepage Promo (1920 x 1080)", "value": false, "checked": false, "order": 3, "type": "checkbox"},
                    {"key": "SeriesThumbnailWN2", "class": "col-md-6", "label": "Series Thumbnail (1920 x 1080)", "value": false, "checked": false, "order": 3, "type": "checkbox"},
                    {"key": "SeriesMainHeroWN2", "class": "col-md-6", "label": "Series Main Hero (1920 x 540)", "value": false, "checked": false, "order": 3, "type": "checkbox"},
                    {"key": "EventsHeroDesktopWN2", "class": "col-md-6", "label": "Events Hero Desktop (1920 x 540)", "value": false, "checked": false, "order": 3, "type": "checkbox"},
                    {"key": "EventsHeroMobileWN2", "class": "col-md-6", "label": "Events Hero Mobile (650 x 320)", "value": false, "checked": false, "order": 3, "type": "checkbox"},
                    {"key": "HomepageSponsoredWN2", "class": "col-md-6", "label": "Homepage Sponsored (1920 x 1080)", "value": false, "checked": false, "order": 3, "type": "checkbox"},
                    {"key": "Custom", "class": "col-md-6", "label": "Custom", "value": false, "checked": false, "order": 3, "type": "checkbox"}
                  ],
                "required": false,
                "type": "label",
                "order": 3
            },
            {
                "label": "Custom Dimensions",
                "key": "dimensions",
                "class": "col-md-12",
                "value": "",
                "required": true,
                "hidden": true,
                "type": "textbox",
                "order": 4
            },
            {
                "label": "Copy or Special Instructions (Optional)",
                "key": "CTA",
                "class": "col-md-12",
                "value": "",
                "required": false,
                "type": "textbox",
                "order": 4
            }
        ],
        "WEB20EXTENDED" : [
            {
                "label": "",
                "key": "divider",
                "class": "col-md-12",
                "value": "",
                "required": false,
                "hidden": false,
                "type": "divider",
                "order": 1
            },
            {
                "label": "Select all that apply.",
                "key": "Selectall",
                "class": "col-md-12",
                "value": "",
                "options": [
                    {"key": "HomepageHeroWN2E", "class": "col-md-6", "label": "Homepage Hero (1920 x 540)", "value": false, "checked": false, "order": 3, "type": "checkbox", "defaultValue": "true"},
                    {"key": "HomepagePromoWN2E", "class": "col-md-6", "label": "Homepage Promo (1920 x 1080)", "value": false, "checked": false, "order": 3, "type": "checkbox"},
                    {"key": "SeriesThumbnailWN2E", "class": "col-md-6", "label": "Series Thumbnail (1920 x 1080)", "value": false, "checked": false, "order": 3, "type": "checkbox"},
                    {"key": "SeriesMainHeroWN2E", "class": "col-md-6", "label": "Series Main Hero (1920 x 540)", "value": false, "checked": false, "order": 3, "type": "checkbox"},
                    {"key": "EventsHeroDesktopWN2E", "class": "col-md-6", "label": "Events Hero Desktop (1920 x 540)", "value": false, "checked": false, "order": 3, "type": "checkbox"},
                    {"key": "EventsHeroMobileWN2E", "class": "col-md-6", "label": "Events Hero Mobile (650 x 320)", "value": false, "checked": false, "order": 3, "type": "checkbox"},
                    {"key": "HomepageSponsoredWN2E", "class": "col-md-6", "label": "Homepage Sponsored (1920 x 1080)", "value": false, "checked": false, "order": 3, "type": "checkbox"},
                    {"key": "HomepageFeaturedWN2E", "class": "col-md-6", "label": "Homepage Featured (1920 x 540)", "value": false, "checked": false, "order": 3, "type": "checkbox"},
                    {"key": "Custom", "class": "col-md-6", "label": "Custom", "value": false, "checked": false, "order": 3, "type": "checkbox"}
                  ],
                "required": false,
                "type": "label",
                "order": 3
            },
            {
                "label": "Custom Dimensions",
                "key": "dimensions",
                "class": "col-md-12",
                "value": "",
                "required": true,
                "hidden": true,
                "type": "textbox",
                "order": 4
            },
            {
                "label": "Copy or Special Instructions (Optional)",
                "key": "CTA",
                "class": "col-md-12",
                "value": "",
                "required": false,
                "type": "textbox",
                "order": 4
            }
        ],
        "SPONSORSHIP": [
            {
                "label": "",
                "key": "divider",
                "class": "col-md-12",
                "value": "",
                "required": false,
                "hidden": false,
                "type": "divider",
                "order": 1
            },
            {
                "label": "Select all that apply.",
                "key": "Selectall",
                "class": "col-md-12",
                "value": "",
                "options": [
                    {"key": "WEBBanner300", "class": "col-md-6", "label": "Web Banner (300 x 250)", "value": false, "checked": false, "order": 3, "type": "checkbox", "defaultValue": "false"},
                    {"key": "WEBBanner728", "class": "col-md-6", "label": "Web Banner (728 x 90)", "value": false, "checked": false, "order": 3, "type": "checkbox"},
                    {"key": "WEBBanner30050", "class": "col-md-6", "label": "Web Banner (300 x 50)", "value": false, "checked": false, "order": 3, "type": "checkbox"},
                    {"key": "Billboard", "class": "col-md-6", "label": "Static Billboard (1920 x 1080)", "value": false, "checked": false, "order": 3, "type": "checkbox"},
                    {"key": "Custom", "class": "col-md-6", "label": "Custom", "value": false, "checked": false, "order": 3, "type": "checkbox"}
                  ],
                "required": false,
                "type": "label",
                "order": 3
            },
            {
                "label": "Custom Dimensions",
                "key": "dimensions",
                "class": "col-md-12",
                "value": "",
                "required": true,
                "hidden": true,
                "type": "textbox",
                "order": 4
            },
            {
                "label": "Copy or Special Instructions (Optional)",
                "key": "CTA",
                "class": "col-md-12",
                "value": "",
                "required": false,
                "type": "textbox",
                "order": 4
            }
        ],
        "CUSTOM": [
            {
                "label": "",
                "key": "divider",
                "class": "col-md-12",
                "value": "",
                "required": false,
                "hidden": false,
                "type": "divider",
                "order": 1
            },
            {
                "label": "Please specify dimensions, format, and any other necessary requirements.",
                "key": "Description",
                "class": "col-md-12",
                "value": "",
                "required": true,
                "type": "textarea",
                "order": 2
            }
        ]    
    },
    "BrandDropDown": [
        {"id": "BET", "value": "BET", 
            "options": [
                {"id" : "BRANDWEBSITE", "value": "Brand Website", "display": true},
                {"id" : "PLAYPLEX", "value": "Apps", "display": true},
                {"id" : "SPONSORSHIP", "value": "Sponsorship", "display": true},
                {"id" : "CUSTOM", "value": "Custom", "display": true}
            ]
        },
        {"id": "CMT", "value": "CMT", 
            "options": [
                {"id" : "BRANDWEBSITECMT", "value": "Brand Website", "display": true},
                {"id" : "PLAYPLEXNOATV", "value": "Apps", "display": true},
                {"id" : "SPONSORSHIP", "value": "Sponsorship", "display": true},
                {"id" : "CUSTOM", "value": "Custom", "display": true}
            ]
        },
        {"id": "CC", "value": "Comedy Central", 
            "options": [
                {"id" : "BRANDWEBSITECC", "value": "Brand Website", "display": true},
                {"id" : "PLAYPLEX", "value": "Apps", "display": true},
                {"id" : "SPONSORSHIP", "value": "Sponsorship", "display": true},
                {"id" : "CUSTOM", "value": "Custom", "display": true}
            ]
        },
        {"id": "LOGO", "value": "Logo",
            "options": [
                {"id" : "BRANDWEBSITELOGO", "value": "Brand Website", "display": true},
                {"id" : "PLAYPLEXNOATV", "value": "Apps", "display": true},
                {"id" : "SPONSORSHIP", "value": "Sponsorship", "display": true},
                {"id" : "CUSTOM", "value": "Custom", "display": true}
            ]
        },
        {"id": "MTV", "value": "MTV",
            "options": [
                {"id" : "BRANDWEBSITEMTV", "value": "Brand Website", "display": true},
                {"id" : "PLAYPLEX", "value": "Apps", "display": true},
                {"id" : "SPONSORSHIP", "value": "Sponsorship", "display": true},
                {"id" : "CUSTOM", "value": "Custom", "display": true}
            ]
        },
        {"id": "PARAMOUNT", "value": "Paramount Network",
            "options": [
                {"id" : "BRANDWEBSITEPN", "value": "Brand Website", "display": true},
                {"id" : "PLAYPLEX", "value": "Apps", "display": true},
                {"id" : "SPONSORSHIP", "value": "Sponsorship", "display": true},
                {"id" : "CUSTOM", "value": "Custom", "display": true}
            ]
        },
        {"id": "VH1", "value": "VH1",
            "options": [
                {"id" : "BRANDWEBSITEMTV", "value": "Brand Website", "display": true},
                {"id" : "PLAYPLEX", "value": "Apps", "display": true},
                {"id" : "SPONSORSHIP", "value": "Sponsorship", "display": true},
                {"id" : "CUSTOM", "value": "Custom", "display": true}
            ]
        },
        {"id": "TVLAND", "value": "TV Land",
            "options": [
                {"id" : "BRANDWEBSITEPN", "value": "Brand Website", "display": true},
                {"id" : "PLAYPLEXNOATV", "value": "Apps", "display": true},
                {"id" : "SPONSORSHIP", "value": "Sponsorship", "display": true},
                {"id" : "CUSTOM", "value": "Custom", "display": true}
            ]
        }
    ],
    "RequestTypeDropDown": [
        {"id": "GENERAL", "value": "General Request"},
        {"id": "VMN", "value": "VMN Design"}
    ],
    "graphicsDetailForm": {
        "noOfDelivarables": {
            "label": "# of Deliverables",
            "key": "noOfDelivarables",
            "values": [],
            "defaultValue": "",
            "multiSelection": false,
            "isRequiredField": true,
            "charLimit": null,
            "order": 1
          },
          "assetLocation": {
            "label": "Asset Location (Optional)",
            "key": "assetLocation",
            "values": [],
            "defaultValue": "",
            "multiSelection": false,
            "isRequiredField": false,
            "charLimit": null,
            "order": 2
          },
          "fileDropOffLocation": {
            "label": "Dropoff Location (Optional)",
            "key": "fileDropOffLocation",
            "values": [],
            "defaultValue": "",
            "multiSelection": false,
            "isRequiredField": false,
            "charLimit": null,
            "order": 3
          }
    }
}